texto	imagen	comun	cientif	extra
texto000	imagen000	Semilla de mejillón	Mytilus galloprovincialis	(Lamarck, 1819)
texto001	imagen001	Rotífero	Brachionus plicatilis
texto002	imagen002	Larvas de Artemia	Artemia franciscana
texto003	imagen003	Larvas de Lubrigante	Homarus gammarus
texto004	imagen004	Larvas de Rodaballo	Scophthalmus maximus
texto005	imagen005	Larvas de Lubina	Dicentrarchus labrax	(Linnaeus, 1758)
texto006	imagen006	Larvas de Santiaguiño	Scyllarus arctus	(Linnaeus, 1758)
texto007	imagen007	Semilla de Oreja de mar	Haliotis tuberculata	(Linnaeus, 1758)